Barkhamsted, CT
Athens
Hyderabad, India
New Delhi, India
Zhejiang,China
Planet Earth
Changchun, Jilin
Islamabad, Pakistan
New York
Munich, Germany
Shenzhen, China
Montreal
Accra,Ghana
Pune, India
CA
Tehran, Iran 
Blumenau
Poland, Kraków
Gurgaon
Jaipur,Rajasthan
United Kingdom
Kraków
India
london UK
Bangalore
KITALE
Wales, UK
London, UK
Serbia,  Belgrade
Mbarara, Uganda
Birmingham, AL
Brasília, Brazil
Birmingham, AL
New York City
Auckland
Yardley, PA
Western Mass
Paderborn, Germany
San Francisco
Boston
Charlotte, NC
Seattle
Portland, OR
London, Ontario
Philadelphia, PA
Berlin, Germany
Kochi
Hyderabad
United Kingdom
Chittagong, Bangladesh
Milan,Italy
Syracuse, New York
Syracuse, New York
Nigeria
Moscow
Leeds, West Riding, UK
Chicago, IL
Oslo Norway
Toronto
Bangalore, India
Canada, Edmonton,AB
Casablanca
Finland
Austin, TX
Mexico
Bangalore
Malaysia
Dhaka, Bangladesh
London
New Delhi, India
Frankfurt am Main
Surabaya, Indonesia
Istanbul/Turkey
Stoke on Trent. UK
New York
soon: NYC
Hamburg/ Germany
Kolkata
Oulu, Finland. 
Mumbai, India
Hamburg
Pune
Lagos,Nigeria
Pune
São Paulo
Minneapolis, MN
Pune , Maharastra
Plainsboro, New Jersey
bangalore
beijing
India
Jakarta, Indonesia
london UK
Kathmandu, Nepal
glasgow
Paris
Faculty of Engineering - University of Moratuwa
Nepal
Cuiabá, MT
Mbarara
Lavras-MG
India
Edsbyn, Sweden 
San Francisco
Kolkata, West Bengal, India
Nigeria
Rosenheim, Germany
Dublin, Ireland
Toronto, canada
Germany
Pokhara, Nepal
Cuttack , Odisha , India
Oakland, CA
Singapore
New Delhi, India
Mumbai
Washington, DC
The Netherlands
Helsinki, Finland.
Joypurhat
Ireland
California
Tokyo, Japan
Pune
Chicago, IL
kathmandu,Nepal
Toronto
Razole ,East Godavari, Andhra Pradesh
Castle Rock, CO
Medellin, Colombia
Paris, France
Berlin
columbia, Missouri
Barcelona
israel
Mooresville, Indiana
Indonesia
Bangalore
San Francisco
San Francisco
Ghana
San Francisco
Stanford, CA
beijing
Italy
Lagos
Accra,Ghana
Knoxville
Kolkata, West Bengal, India
Irvine, CA
Bangalore
Pakistan
Paris, France
sector 35 b chandighar
India
Syracuse, New York, US
Pune
Belo Horizonte
Budapest, Hungary
Cairo, Egypt
Chittagong, Bangladesh
Ireland
Bangalore, India
Mumbai
United Kingdom
delhi
Jaipur,Rajasthan
HYDERABAD
Madrid
Mumbai | India
Hamburg/ Germany
Ankara
Manchester, UK
Wrocław, PL
Delhi
India
Hyderabad
Egypt
Bengaluru, India
Waterloo, ON
Singapore
Shanghai
Austin, TX
Hangzhou, China
Pune, India
Utrecht, NL
Nottingham, United Kingdom
Dhaka, Bangladesh
San Jose, CA
Bangalore
Mumbai
Vancouver, Canada
Hong Kong
Anantapur,Andhrapradesh
Dublin, Ireland
Markhan, ON
Milwaukee, WI
León, Guanajuato, México
New York, NY
Tromsø
Panjab University, Chandigarh
Mumbai, India
Pittsburg CA
Hyderabad
Mumbai
Fran Sancisco
HYDERABAD
Bengaluru
Mumbai
San Diego, CA
London, UK
Canada
Bethpage, NY
India
Hyderabad
Frankfurt am Main
Karachi Pakistan
Ranchi, Jharkhand
North America
Dhaka, Bangladesh
Switzerland
Saint Louis, MO
Portland, Oregon
delhi india
Goiânia - GO
Beijing, China
Chengdu
The Netherlands
Israel
Shanghai
USA
Houston, Texas
Seoul, South Korea
Berlin, Germany / Hennigsdorf, Germany
Greensboro, NC
Los Angeles, CA
Seattle, WA
Hyderabad, India
Mumbai
Seattle, WA
Fran Sancisco
beijing
Montréal, Canada
Banglore,India
Ukraine
Kathmandu, Nepal
Mumbai
Satara, Maharashtra
Sydney, Australia
Hong Kong
Perth
Cuiabá, MT
Nigeria
United States
La Crosse, WI
Nairobi, Kenya
Nigeria
Edsbyn, Sweden 
India
San Francisco
Washington, DC
BeiJing
San Luis Potosi, Mexico
Mountain View, CA
Toronto, Canada
India
Bengaluru
Salt Lake City, UT
Japan
CA
Nairobi Kenya
Swansea, Wales, United Kingdom
India
Bangalore, India
Portland, Oregon
bangalore
Seattle, WA
Banglore,India
Mumbai
127.0.0.1
Dublin, IRE
Alexandria, Egypt
Auckland, New Zealand
Indore, MP, India
Toronto
TOKYO-JAPAN, ROK-SEOUL
Auckland
Porto Alegre/RS
Mumbai
Chennai,Tamil Nadu,India
San Francisco Bay Area
Bangalore
São Paulo, SP Brasil
Russia, Armenia
Chile
Sri Lanka
Patna
Berlin
San Francisco, CA
Bangalore, India
San Francisco, CA
UK
New Delhi, India
Tehran, Iran 
London
Vancouver
Boston
dhaka
beijing
Singapore
Hyderabad
Satara, Maharashtra
India
Spain
Texas
Missoula, MT
Shanghai
Nigeria
Edison, New Jersey
Charlotte, NC
Bangladesh
Izmir / Turkey
Chittagong,Bangladesh
Mountain View, CA
Boston
India
San Francisco, CA
Jamshedpur
Russia, Saint Petersburg
La Jolla, CA
Huntington Beach, CA
Mclean
Warsaw, Poland
fuzhou
The Internet
India
Shanghai
Krauschwitz
India
Bengaluru
Gurgaon
Durham, North Carolina
Montreal
Bangalore, India
Montréal, Canada
Jakarta, Indonesia
Ottawa / Cairo
Leeds, West Riding, UK
Sousse, Tunisia
India
Cotia - São Paulo
Hyderabad
Bethpage, NY
San Francisco Bay Area
Jahangirnagar University, Dhaka, Bangladesh
Bangladesh
Toronto
chennai,TN,India
Chennai, Tamilnadu, India
Chittagong,Bangladesh
Israel
Lima, Perú.
São Paulo - Brasil
