Brooklyn, NY
Amsterdam
Brooklyn, NY
Mountain View, CA
Luxembourg & Shanghai
Germany
San Francisco, CA
Santa Clara CA
Toronto
Harbin
China - Heilongjiang - Harbin
Bay Area
Berlin, Deutschland
Santa Clara, CA, US
Vienna, Austria
 Shenzhen
China
Austria
Brazil
Singapore
Paris
Bawana New Delhi
Shanghai,China
Taipei, Taiwan
Boston, MA
Denver , USA
Beijing, China
Beijing, China
Oakland
Chicago, IL
China
hangzhou,China
New Delhi, India
Mountain View, CA
Brooklyn, NY
San Francisco, CA
Iran, Hamedan
Bristol, UK
Germany
Hyderabad
Kyiv, Ukraine
Zurich
Mountain View, CA
Rijeka, Croatia
London
Shanghai, China
India
Erlangen, Germany
Mazatlán & Seattle
earth
Athens, GA
Sri Lanka
Hangzhou
Kathmandu, Nepal
Belgium

China Hangzhou
深圳市南山区
London
Tokyo, Japan.
china beijing
Cambridge, MA
Hangzhou, China
Thailand
Switzerland
Hyderabad, India
Xi'an, China
Bauru, SP
Oakland, California, USA
San Jose
Claremont, CA
China NJU
Bangalore
New York
Pune, India
Nanjing, China
Brazil
Detroit, MI
Cambridge, MA
Bogota
Lehi, UT
Paris, France
Dallas, Texas
Fuzhou, Fujian, China
Kraków
San Francisco, CA
London, UK
Oxford, England
Oakland
California
India
Bothell, Washington
United States , Mexico, Canada
Denver, CO
Tel Aviv, Israel
San Francisco Bay Area
Istanbul, TUR
Montevideo, Uruguay
The Shire
San Francisco, CA
Greater Boston Area, MA, USA
Seattle, WA
Beijing
XIAN
Shenzhen，China
Shanghai
New York, NY
Dalian
California
Amsterdam, Netherlands
广东省广州市
Sydney Australia
nan
ShenZhen
Shenzhen, China 
China
Beijing
ShangHai
New York City
USA / China
Cambridge, UK
Madison, WI
Saarland University
Cambridge
Germany
Bangalore
Dallas, TX
Singapore
Madison, WI
wuhan ,china
Singapore
Mumbai
Wuhan, China
Kuala Lumpur, Malaysia
Campbell, CA
São Paulo
Philadelphia, USA
Japan
Ahmedabad
Boston, MA
Copenhagen, Denmark
Birmingham and Mumbai
Charlottesville, Virginia
London, UK
Paris
United States
Schiedam
San Francisco
哈尔滨
ShenZhen · China
Philadelphia
New York
Bangalore, India
Planet Earth
Beijing
Taiwan
Brazil 
São Paulo, Brasil
Tokyo, Japan
Seattle WA
Korea
Mumbai
Toronto Ontario
Seoul/Korea
Planet Earth
Norwich, UK
nan
Vietnam
Portland, OR
Cambridge, UK
Qingdao,China
Bangalore India
北京市丰台区
Beijing.China
Somewhere Out in Space
Germany
Sichuan University, China
Munich, Germany
Beijing, China
Singapore
Amsterdam
guangzhou
Pune, India
Taipei, Taiwan
Toronto, Canada
Stanford, CA
San Francisco
Shenzhen
United States
Minneapolis
Washington, DC
Greater Boston Area, MA, USA
San Diego, CA
New York, New York
New York
San Francisco
Luxembourg
Munich, Germany
Lausanne
London, UK
ShangHai
Frisco, Texas (United States)
Thailand
China
India
London
上海，中国
Mountain View, CA
Belgium
Netherlands
Seattle, WA
China
HangZhou , ZheJiang, China 
Stanford
Chicago, IL
Austin, TX
Hyderabad
Chicago, IL
Tabriz, Iran
Yokohama, Japan
nan
Madison, WI
Toronto Canada
Boston
Sydney, Australia
Vancouver, WA
Cambridge, UK
New York, NY
Seattle, WA
Vienna, Austria
New York, NY, USA
Hanoi
Cambridge, UK
San Francisco, CA
Taipei
Vipava
Luxembourg & Shanghai
DC, USA
San Francisco
Herndon, Virginia
Chicago
Duvall, WA
China
ShangHai·China
Toronto
New York
France
Brisbane, Australia
Gurgaon
Beijing
Gurgaon
Seoul, republic of korea
Brooklyn, NY
United States
United States
Shanghai, China
Bengaluru, India
San Francisco
Beijing, People's Republic of China
Portland, OR
London
Boston
Greater New York City Area
Paris | Nyköping
Munich
GuangDong, GuangZhou
Yorktown Heights, NY
He Fei, China
Thailand
Santa Cruz
Los Angeles
Montreal
nan
China
San Francisco, CA
Cologne, Germany
SF Bay Area, USA
Santa Barbara, CA
Berlin
A Coruña, Spain
Denmark
Baltimore, Md
Nanjing, China
Oslo, Norway
Seattle
New York, NY
Salzburg, Austria
Stockholm, Sweden
Beijing
Singapore
Fremont, CA
Asheville, NC, USA
San Francisco, CA
Stony Brook, NY
Rochester, NY
Warsaw, Poland
Palo Alto
Tabriz, Iran
Poland
New York
Palo Alto, CA
Bangalore, India
İstanbul
Mumbai
Mumbai
Vilnius, Lithuania
Seattle, WA
Auckland
Shanghai, China
British Columbia, Canada
Bangalore, India
Riyadh, Saudi Arabia
Singapore
Peru-Arequipa
Madison, WI
London
wuhan
San Francisco Bay Area
New York // Sydney
Ahmedabad
Shanghai <=> Wuhan
Manhattan, NY
Beijing
San Francisco, CA
Syria
Mumbai, India
Palo Alto
nan
Pittsburgh, PA
Madison, WI
Beijing
Mumbai
Washington, DC
Seattle, WA
Xian,China
China Shanghai
France, Montpellier
Brooklyn, NY
Boston, MA
Helmond, The Netherlands
Toronto, Canada
Zurich
New York, NY
Palma de Mallorca
New Delhi, India
Taipei, Taiwan
Grace Field, TPN
New York, NY
Hangzhou,China
SF Bay Area, USA
Bangalore
Charlottesville, Virginia
Hangzhou, China
Kuala Lumpur, Malaysia
Beijing.China
Palma de Mallorca
Seattle, WA
Cupertino, CA
Beijing, China
Irvine, CA, USA
Pittsburgh, Pennsylvania
Mumbai, India
Madison, WI
beijing
Worsley, Greater Manchester, UK
Birmingham, AL
Hong Kong
Berlin, Germany
Chennnai
Dhaka, Bangladesh
UC San Diego
Tokyo, Japan
Dalian, China
Brazil
Santa Barbara, California
chennai 
Shanghai,China
Munich
Denver, CO
Munich, Germany
Islamabad, Pakistan
nan
Nanjing, China
Mountain View, CA
Cambridge, UK
Beijing, China
Shanghai
New York City
ChengDu,QingDao
Amsterdam
Mumbai
Germany
Nanjing
Zaragoza, Spain
Guangzhou, China
Hangzhou, China
Madison, WI
Grace Field, TPN
Hyderabad
Oakland
Shanghai
New York, NY
Malaysia
Fremont, CA
Warsaw, Poland
Morgantown - WV
Rochester, MN
San Francisco, CA
San Francisco, CA
beijing
San Francisco
Malaysia
Bangalore, India
Paris
San Francisco
Philadelphia
New York City
Beijing
Germany
Toulouse, France
San Francisco Bay Area
India
Beijing, China
Chennai, Delhi - India 
CN
San Francisco, CA
  Seattle
Palo Alto, CA
Menlo Park, CA
New York
Atlanta, GA
Brazil
nan
Beijing, China
Sydney Australia
Xian, Shaanxi, China
Guangzhou, China
Canada
Sweden
Cambridge, MA
Seoul, South Korea
Cambridge, UK
Washington, DC
Santa Clara, CA, US
xi'an
Seoul
San Francisco Bay Area, CA
SZ City
South Korea
Copenhagen
Tianjin, China
Beijing, China
South Africa
Tampa, FL
Dallas, Texas
Philadelphia
New Delhi, India
China
Hangzhou, China
London - UK
New York City
Rochester, NY
New York, NY
Kuala Lumpur, Malaysia
Los Angeles
San Francisco
California
ChengDu
Sydney, Australia
Boston, USA
Munich
Australia
Dnipro, Ukraine
Seattle x Singapore
United Kingdom
Kraków
San Francisco, CA
Cambridge, UK
Da Lian
Beijing
Virginia, USA
Sri Lanka
Shanghai, China
Vancouver, BC
United Kingdom
London, UK
Italy
nan
